Time,A,B,C
0,50,50,1
5.76226,49,51,1
8.24524,48,52,1
21.0184,47,53,1
62.1915,46,54,1
71.8687,45,55,1
87.6593,44,56,1
